Week,Start Date,End Date,TeamIndex,Google Trends Index,Search Term
1,2015-01-04,2015-01-10,1,18,arsenal f.c.
2,2015-01-11,2015-01-17,1,20,arsenal f.c.
3,2015-01-18,2015-01-24,1,23,arsenal f.c.
4,2015-01-25,2015-01-31,1,23,arsenal f.c.
5,2015-02-01,2015-02-07,1,34,arsenal f.c.
6,2015-02-08,2015-02-14,1,26,arsenal f.c.
7,2015-02-15,2015-02-21,1,27,arsenal f.c.
8,2015-02-22,2015-02-28,1,27,arsenal f.c.
9,2015-03-01,2015-03-07,1,28,arsenal f.c.
10,2015-03-08,2015-03-14,1,35,arsenal f.c.
11,2015-03-15,2015-03-21,1,39,arsenal f.c.
12,2015-03-22,2015-03-28,1,7,arsenal f.c.
13,2015-03-29,2015-04-04,1,20,arsenal f.c.
14,2015-04-05,2015-04-11,1,20,arsenal f.c.
15,2015-04-12,2015-04-18,1,26,arsenal f.c.
16,2015-04-19,2015-04-25,1,12,arsenal f.c.
17,2015-04-26,2015-05-02,1,17,arsenal f.c.
18,2015-05-03,2015-05-09,1,21,arsenal f.c.
19,2015-05-10,2015-05-16,1,22,arsenal f.c.
20,2015-05-17,2015-05-23,1,30,arsenal f.c.
21,2015-05-24,2015-05-30,1,35,arsenal f.c.
22,2015-05-31,2015-06-06,1,8,arsenal f.c.
23,2015-06-07,2015-06-13,1,1,arsenal f.c.
24,2015-06-14,2015-06-20,1,2,arsenal f.c.
25,2015-06-21,2015-06-27,1,1,arsenal f.c.
26,2015-06-28,2015-07-04,1,1,arsenal f.c.
27,2015-07-05,2015-07-11,1,1,arsenal f.c.
28,2015-07-12,2015-07-18,1,1,arsenal f.c.
29,2015-07-19,2015-07-25,1,1,arsenal f.c.
30,2015-07-26,2015-08-01,1,13,arsenal f.c.
31,2015-08-02,2015-08-08,1,32,arsenal f.c.
32,2015-08-09,2015-08-15,1,27,arsenal f.c.
33,2015-08-16,2015-08-22,1,22,arsenal f.c.
34,2015-08-23,2015-08-29,1,24,arsenal f.c.
35,2015-08-30,2015-09-05,1,7,arsenal f.c.
36,2015-09-06,2015-09-12,1,19,arsenal f.c.
37,2015-09-13,2015-09-19,1,41,arsenal f.c.
38,2015-09-20,2015-09-26,1,43,arsenal f.c.
39,2015-09-27,2015-10-03,1,29,arsenal f.c.
40,2015-10-04,2015-10-10,1,21,arsenal f.c.
41,2015-10-11,2015-10-17,1,17,arsenal f.c.
42,2015-10-18,2015-10-24,1,46,arsenal f.c.
43,2015-10-25,2015-10-31,1,46,arsenal f.c.
44,2015-11-01,2015-11-07,1,35,arsenal f.c.
45,2015-11-08,2015-11-14,1,19,arsenal f.c.
46,2015-11-15,2015-11-21,1,16,arsenal f.c.
47,2015-11-22,2015-11-28,1,28,arsenal f.c.
48,2015-11-29,2015-12-05,1,32,arsenal f.c.
49,2015-12-06,2015-12-12,1,31,arsenal f.c.
50,2015-12-13,2015-12-19,1,23,arsenal f.c.
51,2015-12-20,2015-12-26,1,60,arsenal f.c.
1,2015-01-04,2015-01-10,2,21,Aston Villa F.C.
2,2015-01-11,2015-01-17,2,36,Aston Villa F.C.
3,2015-01-18,2015-01-24,2,21,Aston Villa F.C.
4,2015-01-25,2015-01-31,2,25,Aston Villa F.C.
5,2015-02-01,2015-02-07,2,67,Aston Villa F.C.
6,2015-02-08,2015-02-14,2,40,Aston Villa F.C.
7,2015-02-15,2015-02-21,2,32,Aston Villa F.C.
8,2015-02-22,2015-02-28,2,19,Aston Villa F.C.
9,2015-03-01,2015-03-07,2,39,Aston Villa F.C.
10,2015-03-08,2015-03-14,2,31,Aston Villa F.C.
11,2015-03-15,2015-03-21,2,24,Aston Villa F.C.
12,2015-03-22,2015-03-28,2,14,Aston Villa F.C.
13,2015-03-29,2015-04-04,2,42,Aston Villa F.C.
14,2015-04-05,2015-04-11,2,52,Aston Villa F.C.
15,2015-04-12,2015-04-18,2,27,Aston Villa F.C.
16,2015-04-19,2015-04-25,2,88,Aston Villa F.C.
17,2015-04-26,2015-05-02,2,30,Aston Villa F.C.
18,2015-05-03,2015-05-09,2,25,Aston Villa F.C.
19,2015-05-10,2015-05-16,2,30,Aston Villa F.C.
20,2015-05-17,2015-05-23,2,22,Aston Villa F.C.
21,2015-05-24,2015-05-30,2,85,Aston Villa F.C.
22,2015-05-31,2015-06-06,2,35,Aston Villa F.C.
23,2015-06-07,2015-06-13,2,16,Aston Villa F.C.
24,2015-06-14,2015-06-20,2,18,Aston Villa F.C.
25,2015-06-21,2015-06-27,2,16,Aston Villa F.C.
26,2015-06-28,2015-07-04,2,19,Aston Villa F.C.
27,2015-07-05,2015-07-11,2,23,Aston Villa F.C.
28,2015-07-12,2015-07-18,2,26,Aston Villa F.C.
29,2015-07-19,2015-07-25,2,29,Aston Villa F.C.
30,2015-07-26,2015-08-01,2,35,Aston Villa F.C.
31,2015-08-02,2015-08-08,2,36,Aston Villa F.C.
32,2015-08-09,2015-08-15,2,100,Aston Villa F.C.
33,2015-08-16,2015-08-22,2,31,Aston Villa F.C.
34,2015-08-23,2015-08-29,2,32,Aston Villa F.C.
35,2015-08-30,2015-09-05,2,21,Aston Villa F.C.
36,2015-09-06,2015-09-12,2,16,Aston Villa F.C.
37,2015-09-13,2015-09-19,2,33,Aston Villa F.C.
38,2015-09-20,2015-09-26,2,44,Aston Villa F.C.
39,2015-09-27,2015-10-03,2,24,Aston Villa F.C.
40,2015-10-04,2015-10-10,2,13,Aston Villa F.C.
41,2015-10-11,2015-10-17,2,30,Aston Villa F.C.
42,2015-10-18,2015-10-24,2,24,Aston Villa F.C.
43,2015-10-25,2015-10-31,2,34,Aston Villa F.C.
44,2015-11-01,2015-11-07,2,40,Aston Villa F.C.
45,2015-11-08,2015-11-14,2,32,Aston Villa F.C.
46,2015-11-15,2015-11-21,2,16,Aston Villa F.C.
47,2015-11-22,2015-11-28,2,21,Aston Villa F.C.
48,2015-11-29,2015-12-05,2,18,Aston Villa F.C.
49,2015-12-06,2015-12-12,2,17,Aston Villa F.C.
50,2015-12-13,2015-12-19,2,44,Aston Villa F.C.
51,2015-12-20,2015-12-26,2,25,Aston Villa F.C.
1,2015-01-04,2015-01-10,3,12,A.F.C. Bournemouth
2,2015-01-11,2015-01-17,3,9,A.F.C. Bournemouth
3,2015-01-18,2015-01-24,3,16,A.F.C. Bournemouth
4,2015-01-25,2015-01-31,3,22,A.F.C. Bournemouth
5,2015-02-01,2015-02-07,3,9,A.F.C. Bournemouth
6,2015-02-08,2015-02-14,3,17,A.F.C. Bournemouth
7,2015-02-15,2015-02-21,3,8,A.F.C. Bournemouth
8,2015-02-22,2015-02-28,3,14,A.F.C. Bournemouth
9,2015-03-01,2015-03-07,3,15,A.F.C. Bournemouth
10,2015-03-08,2015-03-14,3,9,A.F.C. Bournemouth
11,2015-03-15,2015-03-21,3,16,A.F.C. Bournemouth
12,2015-03-22,2015-03-28,3,9,A.F.C. Bournemouth
13,2015-03-29,2015-04-04,3,13,A.F.C. Bournemouth
14,2015-04-05,2015-04-11,3,24,A.F.C. Bournemouth
15,2015-04-12,2015-04-18,3,22,A.F.C. Bournemouth
16,2015-04-19,2015-04-25,3,14,A.F.C. Bournemouth
17,2015-04-26,2015-05-02,3,85,A.F.C. Bournemouth
18,2015-05-03,2015-05-09,3,22,A.F.C. Bournemouth
19,2015-05-10,2015-05-16,3,11,A.F.C. Bournemouth
20,2015-05-17,2015-05-23,3,10,A.F.C. Bournemouth
21,2015-05-24,2015-05-30,3,14,A.F.C. Bournemouth
22,2015-05-31,2015-06-06,3,9,A.F.C. Bournemouth
23,2015-06-07,2015-06-13,3,8,A.F.C. Bournemouth
24,2015-06-14,2015-06-20,3,13,A.F.C. Bournemouth
25,2015-06-21,2015-06-27,3,11,A.F.C. Bournemouth
26,2015-06-28,2015-07-04,3,11,A.F.C. Bournemouth
27,2015-07-05,2015-07-11,3,12,A.F.C. Bournemouth
28,2015-07-12,2015-07-18,3,16,A.F.C. Bournemouth
29,2015-07-19,2015-07-25,3,16,A.F.C. Bournemouth
30,2015-07-26,2015-08-01,3,20,A.F.C. Bournemouth
31,2015-08-02,2015-08-08,3,49,A.F.C. Bournemouth
32,2015-08-09,2015-08-15,3,26,A.F.C. Bournemouth
33,2015-08-16,2015-08-22,3,100,A.F.C. Bournemouth
34,2015-08-23,2015-08-29,3,29,A.F.C. Bournemouth
35,2015-08-30,2015-09-05,3,15,A.F.C. Bournemouth
36,2015-09-06,2015-09-12,3,15,A.F.C. Bournemouth
37,2015-09-13,2015-09-19,3,17,A.F.C. Bournemouth
38,2015-09-20,2015-09-26,3,21,A.F.C. Bournemouth
39,2015-09-27,2015-10-03,3,17,A.F.C. Bournemouth
40,2015-10-04,2015-10-10,3,10,A.F.C. Bournemouth
41,2015-10-11,2015-10-17,3,20,A.F.C. Bournemouth
42,2015-10-18,2015-10-24,3,14,A.F.C. Bournemouth
43,2015-10-25,2015-10-31,3,59,A.F.C. Bournemouth
44,2015-11-01,2015-11-07,3,31,A.F.C. Bournemouth
45,2015-11-08,2015-11-14,3,10,A.F.C. Bournemouth
46,2015-11-15,2015-11-21,3,9,A.F.C. Bournemouth
47,2015-11-22,2015-11-28,3,18,A.F.C. Bournemouth
48,2015-11-29,2015-12-05,3,37,A.F.C. Bournemouth
49,2015-12-06,2015-12-12,3,63,A.F.C. Bournemouth
50,2015-12-13,2015-12-19,3,34,A.F.C. Bournemouth
51,2015-12-20,2015-12-26,3,25,A.F.C. Bournemouth
1,2015-01-04,2015-01-10,4,52,Chelsea F.C.
2,2015-01-11,2015-01-17,4,41,Chelsea F.C.
3,2015-01-18,2015-01-24,4,58,Chelsea F.C.
4,2015-01-25,2015-01-31,4,74,Chelsea F.C.
5,2015-02-01,2015-02-07,4,50,Chelsea F.C.
6,2015-02-08,2015-02-14,4,42,Chelsea F.C.
7,2015-02-15,2015-02-21,4,83,Chelsea F.C.
8,2015-02-22,2015-02-28,4,36,Chelsea F.C.
9,2015-03-01,2015-03-07,4,58,Chelsea F.C.
10,2015-03-08,2015-03-14,4,100,Chelsea F.C.
11,2015-03-15,2015-03-21,4,37,Chelsea F.C.
12,2015-03-22,2015-03-28,4,35,Chelsea F.C.
13,2015-03-29,2015-04-04,4,33,Chelsea F.C.
14,2015-04-05,2015-04-11,4,37,Chelsea F.C.
15,2015-04-12,2015-04-18,4,74,Chelsea F.C.
16,2015-04-19,2015-04-25,4,45,Chelsea F.C.
17,2015-04-26,2015-05-02,4,68,Chelsea F.C.
18,2015-05-03,2015-05-09,4,49,Chelsea F.C.
19,2015-05-10,2015-05-16,4,42,Chelsea F.C.
20,2015-05-17,2015-05-23,4,38,Chelsea F.C.
21,2015-05-24,2015-05-30,4,41,Chelsea F.C.
22,2015-05-31,2015-06-06,4,36,Chelsea F.C.
23,2015-06-07,2015-06-13,4,28,Chelsea F.C.
24,2015-06-14,2015-06-20,4,32,Chelsea F.C.
25,2015-06-21,2015-06-27,4,32,Chelsea F.C.
26,2015-06-28,2015-07-04,4,37,Chelsea F.C.
27,2015-07-05,2015-07-11,4,37,Chelsea F.C.
28,2015-07-12,2015-07-18,4,47,Chelsea F.C.
29,2015-07-19,2015-07-25,4,49,Chelsea F.C.
30,2015-07-26,2015-08-01,4,68,Chelsea F.C.
31,2015-08-02,2015-08-08,4,79,Chelsea F.C.
32,2015-08-09,2015-08-15,4,46,Chelsea F.C.
33,2015-08-16,2015-08-22,4,81,Chelsea F.C.
34,2015-08-23,2015-08-29,4,70,Chelsea F.C.
35,2015-08-30,2015-09-05,4,45,Chelsea F.C.
36,2015-09-06,2015-09-12,4,40,Chelsea F.C.
37,2015-09-13,2015-09-19,4,63,Chelsea F.C.
38,2015-09-20,2015-09-26,4,48,Chelsea F.C.
39,2015-09-27,2015-10-03,4,49,Chelsea F.C.
40,2015-10-04,2015-10-10,4,33,Chelsea F.C.
41,2015-10-11,2015-10-17,4,30,Chelsea F.C.
42,2015-10-18,2015-10-24,4,42,Chelsea F.C.
43,2015-10-25,2015-10-31,4,62,Chelsea F.C.
44,2015-11-01,2015-11-07,4,53,Chelsea F.C.
45,2015-11-08,2015-11-14,4,31,Chelsea F.C.
46,2015-11-15,2015-11-21,4,28,Chelsea F.C.
47,2015-11-22,2015-11-28,4,33,Chelsea F.C.
48,2015-11-29,2015-12-05,4,40,Chelsea F.C.
49,2015-12-06,2015-12-12,4,40,Chelsea F.C.
50,2015-12-13,2015-12-19,4,80,Chelsea F.C.
51,2015-12-20,2015-12-26,4,45,Chelsea F.C.
1,2015-01-04,2015-01-10,5,31,Manchester City F.C.
2,2015-01-11,2015-01-17,5,26,Manchester City F.C.
3,2015-01-18,2015-01-24,5,51,Manchester City F.C.
4,2015-01-25,2015-01-31,5,43,Manchester City F.C.
5,2015-02-01,2015-02-07,5,29,Manchester City F.C.
6,2015-02-08,2015-02-14,5,23,Manchester City F.C.
7,2015-02-15,2015-02-21,5,30,Manchester City F.C.
8,2015-02-22,2015-02-28,5,100,Manchester City F.C.
9,2015-03-01,2015-03-07,5,44,Manchester City F.C.
10,2015-03-08,2015-03-14,5,27,Manchester City F.C.
11,2015-03-15,2015-03-21,5,96,Manchester City F.C.
12,2015-03-22,2015-03-28,5,18,Manchester City F.C.
13,2015-03-29,2015-04-04,5,15,Manchester City F.C.
14,2015-04-05,2015-04-11,5,44,Manchester City F.C.
15,2015-04-12,2015-04-18,5,65,Manchester City F.C.
16,2015-04-19,2015-04-25,5,26,Manchester City F.C.
17,2015-04-26,2015-05-02,5,19,Manchester City F.C.
18,2015-05-03,2015-05-09,5,23,Manchester City F.C.
19,2015-05-10,2015-05-16,5,24,Manchester City F.C.
20,2015-05-17,2015-05-23,5,21,Manchester City F.C.
21,2015-05-24,2015-05-30,5,20,Manchester City F.C.
22,2015-05-31,2015-06-06,5,14,Manchester City F.C.
23,2015-06-07,2015-06-13,5,13,Manchester City F.C.
24,2015-06-14,2015-06-20,5,15,Manchester City F.C.
25,2015-06-21,2015-06-27,5,17,Manchester City F.C.
26,2015-06-28,2015-07-04,5,18,Manchester City F.C.
27,2015-07-05,2015-07-11,5,19,Manchester City F.C.
28,2015-07-12,2015-07-18,5,33,Manchester City F.C.
29,2015-07-19,2015-07-25,5,56,Manchester City F.C.
30,2015-07-26,2015-08-01,5,44,Manchester City F.C.
31,2015-08-02,2015-08-08,5,26,Manchester City F.C.
32,2015-08-09,2015-08-15,5,49,Manchester City F.C.
33,2015-08-16,2015-08-22,5,70,Manchester City F.C.
34,2015-08-23,2015-08-29,5,49,Manchester City F.C.
35,2015-08-30,2015-09-05,5,31,Manchester City F.C.
36,2015-09-06,2015-09-12,5,28,Manchester City F.C.
37,2015-09-13,2015-09-19,5,71,Manchester City F.C.
38,2015-09-20,2015-09-26,5,43,Manchester City F.C.
39,2015-09-27,2015-10-03,5,41,Manchester City F.C.
40,2015-10-04,2015-10-10,5,23,Manchester City F.C.
41,2015-10-11,2015-10-17,5,23,Manchester City F.C.
42,2015-10-18,2015-10-24,5,40,Manchester City F.C.
43,2015-10-25,2015-10-31,5,66,Manchester City F.C.
44,2015-11-01,2015-11-07,5,30,Manchester City F.C.
45,2015-11-08,2015-11-14,5,25,Manchester City F.C.
46,2015-11-15,2015-11-21,5,34,Manchester City F.C.
47,2015-11-22,2015-11-28,5,58,Manchester City F.C.
48,2015-11-29,2015-12-05,5,37,Manchester City F.C.
49,2015-12-06,2015-12-12,5,34,Manchester City F.C.
50,2015-12-13,2015-12-19,5,25,Manchester City F.C.
51,2015-12-20,2015-12-26,5,78,Manchester City F.C.
1,2015-01-04,2015-01-10,6,48,Crystal Palace F.C.
2,2015-01-11,2015-01-17,6,35,Crystal Palace F.C.
3,2015-01-18,2015-01-24,6,33,Crystal Palace F.C.
4,2015-01-25,2015-01-31,6,33,Crystal Palace F.C.
5,2015-02-01,2015-02-07,6,33,Crystal Palace F.C.
6,2015-02-08,2015-02-14,6,70,Crystal Palace F.C.
7,2015-02-15,2015-02-21,6,60,Crystal Palace F.C.
8,2015-02-22,2015-02-28,6,37,Crystal Palace F.C.
9,2015-03-01,2015-03-07,6,30,Crystal Palace F.C.
10,2015-03-08,2015-03-14,6,29,Crystal Palace F.C.
11,2015-03-15,2015-03-21,6,25,Crystal Palace F.C.
12,2015-03-22,2015-03-28,6,19,Crystal Palace F.C.
13,2015-03-29,2015-04-04,6,20,Crystal Palace F.C.
14,2015-04-05,2015-04-11,6,83,Crystal Palace F.C.
15,2015-04-12,2015-04-18,6,30,Crystal Palace F.C.
16,2015-04-19,2015-04-25,6,25,Crystal Palace F.C.
17,2015-04-26,2015-05-02,6,28,Crystal Palace F.C.
18,2015-05-03,2015-05-09,6,100,Crystal Palace F.C.
19,2015-05-10,2015-05-16,6,65,Crystal Palace F.C.
20,2015-05-17,2015-05-23,6,31,Crystal Palace F.C.
21,2015-05-24,2015-05-30,6,24,Crystal Palace F.C.
22,2015-05-31,2015-06-06,6,17,Crystal Palace F.C.
23,2015-06-07,2015-06-13,6,17,Crystal Palace F.C.
24,2015-06-14,2015-06-20,6,19,Crystal Palace F.C.
25,2015-06-21,2015-06-27,6,18,Crystal Palace F.C.
26,2015-06-28,2015-07-04,6,18,Crystal Palace F.C.
27,2015-07-05,2015-07-11,6,26,Crystal Palace F.C.
28,2015-07-12,2015-07-18,6,25,Crystal Palace F.C.
29,2015-07-19,2015-07-25,6,27,Crystal Palace F.C.
30,2015-07-26,2015-08-01,6,31,Crystal Palace F.C.
31,2015-08-02,2015-08-08,6,49,Crystal Palace F.C.
32,2015-08-09,2015-08-15,6,40,Crystal Palace F.C.
33,2015-08-16,2015-08-22,6,94,Crystal Palace F.C.
34,2015-08-23,2015-08-29,6,78,Crystal Palace F.C.
35,2015-08-30,2015-09-05,6,45,Crystal Palace F.C.
36,2015-09-06,2015-09-12,6,47,Crystal Palace F.C.
37,2015-09-13,2015-09-19,6,30,Crystal Palace F.C.
38,2015-09-20,2015-09-26,6,43,Crystal Palace F.C.
39,2015-09-27,2015-10-03,6,48,Crystal Palace F.C.
40,2015-10-04,2015-10-10,6,23,Crystal Palace F.C.
41,2015-10-11,2015-10-17,6,27,Crystal Palace F.C.
42,2015-10-18,2015-10-24,6,27,Crystal Palace F.C.
43,2015-10-25,2015-10-31,6,71,Crystal Palace F.C.
44,2015-11-01,2015-11-07,6,30,Crystal Palace F.C.
45,2015-11-08,2015-11-14,6,66,Crystal Palace F.C.
46,2015-11-15,2015-11-21,6,20,Crystal Palace F.C.
47,2015-11-22,2015-11-28,6,50,Crystal Palace F.C.
48,2015-11-29,2015-12-05,6,26,Crystal Palace F.C.
49,2015-12-06,2015-12-12,6,54,Crystal Palace F.C.
50,2015-12-13,2015-12-19,6,31,Crystal Palace F.C.
51,2015-12-20,2015-12-26,6,35,Crystal Palace F.C.
1,2015-01-04,2015-01-10,7,63,Everton F.C.
2,2015-01-11,2015-01-17,7,54,Everton F.C.
3,2015-01-18,2015-01-24,7,51,Everton F.C.
4,2015-01-25,2015-01-31,7,32,Everton F.C.
5,2015-02-01,2015-02-07,7,72,Everton F.C.
6,2015-02-08,2015-02-14,7,74,Everton F.C.
7,2015-02-15,2015-02-21,7,38,Everton F.C.
8,2015-02-22,2015-02-28,7,50,Everton F.C.
9,2015-03-01,2015-03-07,7,67,Everton F.C.
10,2015-03-08,2015-03-14,7,51,Everton F.C.
11,2015-03-15,2015-03-21,7,72,Everton F.C.
12,2015-03-22,2015-03-28,7,33,Everton F.C.
13,2015-03-29,2015-04-04,7,28,Everton F.C.
14,2015-04-05,2015-04-11,7,30,Everton F.C.
15,2015-04-12,2015-04-18,7,27,Everton F.C.
16,2015-04-19,2015-04-25,7,31,Everton F.C.
17,2015-04-26,2015-05-02,7,94,Everton F.C.
18,2015-05-03,2015-05-09,7,32,Everton F.C.
19,2015-05-10,2015-05-16,7,26,Everton F.C.
20,2015-05-17,2015-05-23,7,27,Everton F.C.
21,2015-05-24,2015-05-30,7,28,Everton F.C.
22,2015-05-31,2015-06-06,7,22,Everton F.C.
23,2015-06-07,2015-06-13,7,21,Everton F.C.
24,2015-06-14,2015-06-20,7,26,Everton F.C.
25,2015-06-21,2015-06-27,7,26,Everton F.C.
26,2015-06-28,2015-07-04,7,26,Everton F.C.
27,2015-07-05,2015-07-11,7,27,Everton F.C.
28,2015-07-12,2015-07-18,7,54,Everton F.C.
29,2015-07-19,2015-07-25,7,37,Everton F.C.
30,2015-07-26,2015-08-01,7,40,Everton F.C.
31,2015-08-02,2015-08-08,7,65,Everton F.C.
32,2015-08-09,2015-08-15,7,57,Everton F.C.
33,2015-08-16,2015-08-22,7,51,Everton F.C.
34,2015-08-23,2015-08-29,7,100,Everton F.C.
35,2015-08-30,2015-09-05,7,39,Everton F.C.
36,2015-09-06,2015-09-12,7,81,Everton F.C.
37,2015-09-13,2015-09-19,7,46,Everton F.C.
38,2015-09-20,2015-09-26,7,36,Everton F.C.
39,2015-09-27,2015-10-03,7,58,Everton F.C.
40,2015-10-04,2015-10-10,7,73,Everton F.C.
41,2015-10-11,2015-10-17,7,71,Everton F.C.
42,2015-10-18,2015-10-24,7,75,Everton F.C.
43,2015-10-25,2015-10-31,7,48,Everton F.C.
44,2015-11-01,2015-11-07,7,51,Everton F.C.
45,2015-11-08,2015-11-14,7,24,Everton F.C.
46,2015-11-15,2015-11-21,7,29,Everton F.C.
47,2015-11-22,2015-11-28,7,37,Everton F.C.
48,2015-11-29,2015-12-05,7,43,Everton F.C.
49,2015-12-06,2015-12-12,7,65,Everton F.C.
50,2015-12-13,2015-12-19,7,51,Everton F.C.
51,2015-12-20,2015-12-26,7,54,Everton F.C.
1,2015-01-04,2015-01-10,8,12,Leicester City F.C.
2,2015-01-11,2015-01-17,8,10,Leicester City F.C.
3,2015-01-18,2015-01-24,8,9,Leicester City F.C.
4,2015-01-25,2015-01-31,8,21,Leicester City F.C.
5,2015-02-01,2015-02-07,8,12,Leicester City F.C.
6,2015-02-08,2015-02-14,8,23,Leicester City F.C.
7,2015-02-15,2015-02-21,8,9,Leicester City F.C.
8,2015-02-22,2015-02-28,8,9,Leicester City F.C.
9,2015-03-01,2015-03-07,8,9,Leicester City F.C.
10,2015-03-08,2015-03-14,8,6,Leicester City F.C.
11,2015-03-15,2015-03-21,8,7,Leicester City F.C.
12,2015-03-22,2015-03-28,8,6,Leicester City F.C.
13,2015-03-29,2015-04-04,8,7,Leicester City F.C.
14,2015-04-05,2015-04-11,8,8,Leicester City F.C.
15,2015-04-12,2015-04-18,8,10,Leicester City F.C.
16,2015-04-19,2015-04-25,8,10,Leicester City F.C.
17,2015-04-26,2015-05-02,8,32,Leicester City F.C.
18,2015-05-03,2015-05-09,8,11,Leicester City F.C.
19,2015-05-10,2015-05-16,8,10,Leicester City F.C.
20,2015-05-17,2015-05-23,8,8,Leicester City F.C.
21,2015-05-24,2015-05-30,8,8,Leicester City F.C.
22,2015-05-31,2015-06-06,8,39,Leicester City F.C.
23,2015-06-07,2015-06-13,8,6,Leicester City F.C.
24,2015-06-14,2015-06-20,8,14,Leicester City F.C.
25,2015-06-21,2015-06-27,8,7,Leicester City F.C.
26,2015-06-28,2015-07-04,8,10,Leicester City F.C.
27,2015-07-05,2015-07-11,8,8,Leicester City F.C.
28,2015-07-12,2015-07-18,8,9,Leicester City F.C.
29,2015-07-19,2015-07-25,8,8,Leicester City F.C.
30,2015-07-26,2015-08-01,8,9,Leicester City F.C.
31,2015-08-02,2015-08-08,8,15,Leicester City F.C.
32,2015-08-09,2015-08-15,8,17,Leicester City F.C.
33,2015-08-16,2015-08-22,8,20,Leicester City F.C.
34,2015-08-23,2015-08-29,8,14,Leicester City F.C.
35,2015-08-30,2015-09-05,8,9,Leicester City F.C.
36,2015-09-06,2015-09-12,8,7,Leicester City F.C.
37,2015-09-13,2015-09-19,8,22,Leicester City F.C.
38,2015-09-20,2015-09-26,8,25,Leicester City F.C.
39,2015-09-27,2015-10-03,8,14,Leicester City F.C.
40,2015-10-04,2015-10-10,8,8,Leicester City F.C.
41,2015-10-11,2015-10-17,8,9,Leicester City F.C.
42,2015-10-18,2015-10-24,8,11,Leicester City F.C.
43,2015-10-25,2015-10-31,8,16,Leicester City F.C.
44,2015-11-01,2015-11-07,8,17,Leicester City F.C.
45,2015-11-08,2015-11-14,8,13,Leicester City F.C.
46,2015-11-15,2015-11-21,8,19,Leicester City F.C.
47,2015-11-22,2015-11-28,8,60,Leicester City F.C.
48,2015-11-29,2015-12-05,8,38,Leicester City F.C.
49,2015-12-06,2015-12-12,8,28,Leicester City F.C.
50,2015-12-13,2015-12-19,8,100,Leicester City F.C.
51,2015-12-20,2015-12-26,8,71,Leicester City F.C.
1,2015-01-04,2015-01-10,9,68,Liverpool F.C.
2,2015-01-11,2015-01-17,9,60,Liverpool F.C.
3,2015-01-18,2015-01-24,9,78,Liverpool F.C.
4,2015-01-25,2015-01-31,9,77,Liverpool F.C.
5,2015-02-01,2015-02-07,9,66,Liverpool F.C.
6,2015-02-08,2015-02-14,9,67,Liverpool F.C.
7,2015-02-15,2015-02-21,9,75,Liverpool F.C.
8,2015-02-22,2015-02-28,9,88,Liverpool F.C.
9,2015-03-01,2015-03-07,9,75,Liverpool F.C.
10,2015-03-08,2015-03-14,9,54,Liverpool F.C.
11,2015-03-15,2015-03-21,9,61,Liverpool F.C.
12,2015-03-22,2015-03-28,9,83,Liverpool F.C.
13,2015-03-29,2015-04-04,9,61,Liverpool F.C.
14,2015-04-05,2015-04-11,9,54,Liverpool F.C.
15,2015-04-12,2015-04-18,9,53,Liverpool F.C.
16,2015-04-19,2015-04-25,9,62,Liverpool F.C.
17,2015-04-26,2015-05-02,9,57,Liverpool F.C.
18,2015-05-03,2015-05-09,9,44,Liverpool F.C.
19,2015-05-10,2015-05-16,9,66,Liverpool F.C.
20,2015-05-17,2015-05-23,9,47,Liverpool F.C.
21,2015-05-24,2015-05-30,9,61,Liverpool F.C.
22,2015-05-31,2015-06-06,9,52,Liverpool F.C.
23,2015-06-07,2015-06-13,9,52,Liverpool F.C.
24,2015-06-14,2015-06-20,9,53,Liverpool F.C.
25,2015-06-21,2015-06-27,9,59,Liverpool F.C.
26,2015-06-28,2015-07-04,9,61,Liverpool F.C.
27,2015-07-05,2015-07-11,9,58,Liverpool F.C.
28,2015-07-12,2015-07-18,9,82,Liverpool F.C.
29,2015-07-19,2015-07-25,9,76,Liverpool F.C.
30,2015-07-26,2015-08-01,9,60,Liverpool F.C.
31,2015-08-02,2015-08-08,9,65,Liverpool F.C.
32,2015-08-09,2015-08-15,9,71,Liverpool F.C.
33,2015-08-16,2015-08-22,9,70,Liverpool F.C.
34,2015-08-23,2015-08-29,9,89,Liverpool F.C.
35,2015-08-30,2015-09-05,9,45,Liverpool F.C.
36,2015-09-06,2015-09-12,9,67,Liverpool F.C.
37,2015-09-13,2015-09-19,9,59,Liverpool F.C.
38,2015-09-20,2015-09-26,9,67,Liverpool F.C.
39,2015-09-27,2015-10-03,9,51,Liverpool F.C.
40,2015-10-04,2015-10-10,9,100,Liverpool F.C.
41,2015-10-11,2015-10-17,9,71,Liverpool F.C.
42,2015-10-18,2015-10-24,9,57,Liverpool F.C.
43,2015-10-25,2015-10-31,9,88,Liverpool F.C.
44,2015-11-01,2015-11-07,9,64,Liverpool F.C.
45,2015-11-08,2015-11-14,9,61,Liverpool F.C.
46,2015-11-15,2015-11-21,9,57,Liverpool F.C.
47,2015-11-22,2015-11-28,9,71,Liverpool F.C.
48,2015-11-29,2015-12-05,9,90,Liverpool F.C.
49,2015-12-06,2015-12-12,9,74,Liverpool F.C.
50,2015-12-13,2015-12-19,9,62,Liverpool F.C.
51,2015-12-20,2015-12-26,9,73,Liverpool F.C.
1,2015-01-04,2015-01-10,10,65,Newcastle United F.C.
2,2015-01-11,2015-01-17,10,52,Newcastle United F.C.
3,2015-01-18,2015-01-24,10,30,Newcastle United F.C.
4,2015-01-25,2015-01-31,10,33,Newcastle United F.C.
5,2015-02-01,2015-02-07,10,29,Newcastle United F.C.
6,2015-02-08,2015-02-14,10,39,Newcastle United F.C.
7,2015-02-15,2015-02-21,10,37,Newcastle United F.C.
8,2015-02-22,2015-02-28,10,33,Newcastle United F.C.
9,2015-03-01,2015-03-07,10,72,Newcastle United F.C.
10,2015-03-08,2015-03-14,10,21,Newcastle United F.C.
11,2015-03-15,2015-03-21,10,55,Newcastle United F.C.
12,2015-03-22,2015-03-28,10,25,Newcastle United F.C.
13,2015-03-29,2015-04-04,10,23,Newcastle United F.C.
14,2015-04-05,2015-04-11,10,53,Newcastle United F.C.
15,2015-04-12,2015-04-18,10,61,Newcastle United F.C.
16,2015-04-19,2015-04-25,10,45,Newcastle United F.C.
17,2015-04-26,2015-05-02,10,38,Newcastle United F.C.
18,2015-05-03,2015-05-09,10,43,Newcastle United F.C.
19,2015-05-10,2015-05-16,10,37,Newcastle United F.C.
20,2015-05-17,2015-05-23,10,33,Newcastle United F.C.
21,2015-05-24,2015-05-30,10,52,Newcastle United F.C.
22,2015-05-31,2015-06-06,10,27,Newcastle United F.C.
23,2015-06-07,2015-06-13,10,26,Newcastle United F.C.
24,2015-06-14,2015-06-20,10,26,Newcastle United F.C.
25,2015-06-21,2015-06-27,10,24,Newcastle United F.C.
26,2015-06-28,2015-07-04,10,25,Newcastle United F.C.
27,2015-07-05,2015-07-11,10,32,Newcastle United F.C.
28,2015-07-12,2015-07-18,10,37,Newcastle United F.C.
29,2015-07-19,2015-07-25,10,41,Newcastle United F.C.
30,2015-07-26,2015-08-01,10,45,Newcastle United F.C.
31,2015-08-02,2015-08-08,10,43,Newcastle United F.C.
32,2015-08-09,2015-08-15,10,62,Newcastle United F.C.
33,2015-08-16,2015-08-22,10,100,Newcastle United F.C.
34,2015-08-23,2015-08-29,10,85,Newcastle United F.C.
35,2015-08-30,2015-09-05,10,31,Newcastle United F.C.
36,2015-09-06,2015-09-12,10,21,Newcastle United F.C.
37,2015-09-13,2015-09-19,10,54,Newcastle United F.C.
38,2015-09-20,2015-09-26,10,73,Newcastle United F.C.
39,2015-09-27,2015-10-03,10,61,Newcastle United F.C.
40,2015-10-04,2015-10-10,10,33,Newcastle United F.C.
41,2015-10-11,2015-10-17,10,25,Newcastle United F.C.
42,2015-10-18,2015-10-24,10,51,Newcastle United F.C.
43,2015-10-25,2015-10-31,10,58,Newcastle United F.C.
44,2015-11-01,2015-11-07,10,32,Newcastle United F.C.
45,2015-11-08,2015-11-14,10,20,Newcastle United F.C.
46,2015-11-15,2015-11-21,10,28,Newcastle United F.C.
47,2015-11-22,2015-11-28,10,29,Newcastle United F.C.
48,2015-11-29,2015-12-05,10,30,Newcastle United F.C.
49,2015-12-06,2015-12-12,10,74,Newcastle United F.C.
50,2015-12-13,2015-12-19,10,56,Newcastle United F.C.
51,2015-12-20,2015-12-26,10,47,Newcastle United F.C.
1,2015-01-04,2015-01-10,11,29,Norwich City F.C.
2,2015-01-11,2015-01-17,11,17,Norwich City F.C.
3,2015-01-18,2015-01-24,11,19,Norwich City F.C.
4,2015-01-25,2015-01-31,11,15,Norwich City F.C.
5,2015-02-01,2015-02-07,11,18,Norwich City F.C.
6,2015-02-08,2015-02-14,11,19,Norwich City F.C.
7,2015-02-15,2015-02-21,11,19,Norwich City F.C.
8,2015-02-22,2015-02-28,11,23,Norwich City F.C.
9,2015-03-01,2015-03-07,11,40,Norwich City F.C.
10,2015-03-08,2015-03-14,11,18,Norwich City F.C.
11,2015-03-15,2015-03-21,11,22,Norwich City F.C.
12,2015-03-22,2015-03-28,11,13,Norwich City F.C.
13,2015-03-29,2015-04-04,11,18,Norwich City F.C.
14,2015-04-05,2015-04-11,11,25,Norwich City F.C.
15,2015-04-12,2015-04-18,11,40,Norwich City F.C.
16,2015-04-19,2015-04-25,11,15,Norwich City F.C.
17,2015-04-26,2015-05-02,11,18,Norwich City F.C.
18,2015-05-03,2015-05-09,11,34,Norwich City F.C.
19,2015-05-10,2015-05-16,11,46,Norwich City F.C.
20,2015-05-17,2015-05-23,11,43,Norwich City F.C.
21,2015-05-24,2015-05-30,11,100,Norwich City F.C.
22,2015-05-31,2015-06-06,11,14,Norwich City F.C.
23,2015-06-07,2015-06-13,11,13,Norwich City F.C.
24,2015-06-14,2015-06-20,11,17,Norwich City F.C.
25,2015-06-21,2015-06-27,11,14,Norwich City F.C.
26,2015-06-28,2015-07-04,11,17,Norwich City F.C.
27,2015-07-05,2015-07-11,11,17,Norwich City F.C.
28,2015-07-12,2015-07-18,11,22,Norwich City F.C.
29,2015-07-19,2015-07-25,11,25,Norwich City F.C.
30,2015-07-26,2015-08-01,11,34,Norwich City F.C.
31,2015-08-02,2015-08-08,11,44,Norwich City F.C.
32,2015-08-09,2015-08-15,11,37,Norwich City F.C.
33,2015-08-16,2015-08-22,11,39,Norwich City F.C.
34,2015-08-23,2015-08-29,11,31,Norwich City F.C.
35,2015-08-30,2015-09-05,11,38,Norwich City F.C.
36,2015-09-06,2015-09-12,11,25,Norwich City F.C.
37,2015-09-13,2015-09-19,11,24,Norwich City F.C.
38,2015-09-20,2015-09-26,11,89,Norwich City F.C.
39,2015-09-27,2015-10-03,11,30,Norwich City F.C.
40,2015-10-04,2015-10-10,11,16,Norwich City F.C.
41,2015-10-11,2015-10-17,11,20,Norwich City F.C.
42,2015-10-18,2015-10-24,11,46,Norwich City F.C.
43,2015-10-25,2015-10-31,11,45,Norwich City F.C.
44,2015-11-01,2015-11-07,11,29,Norwich City F.C.
45,2015-11-08,2015-11-14,11,15,Norwich City F.C.
46,2015-11-15,2015-11-21,11,46,Norwich City F.C.
47,2015-11-22,2015-11-28,11,31,Norwich City F.C.
48,2015-11-29,2015-12-05,11,68,Norwich City F.C.
49,2015-12-06,2015-12-12,11,36,Norwich City F.C.
50,2015-12-13,2015-12-19,11,67,Norwich City F.C.
51,2015-12-20,2015-12-26,11,46,Norwich City F.C.
1,2015-01-04,2015-01-10,12,35,Southampton F.C.
2,2015-01-11,2015-01-17,12,100,Southampton F.C.
3,2015-01-18,2015-01-24,12,34,Southampton F.C.
4,2015-01-25,2015-01-31,12,23,Southampton F.C.
5,2015-02-01,2015-02-07,12,44,Southampton F.C.
6,2015-02-08,2015-02-14,12,32,Southampton F.C.
7,2015-02-15,2015-02-21,12,20,Southampton F.C.
8,2015-02-22,2015-02-28,12,58,Southampton F.C.
9,2015-03-01,2015-03-07,12,26,Southampton F.C.
10,2015-03-08,2015-03-14,12,17,Southampton F.C.
11,2015-03-15,2015-03-21,12,45,Southampton F.C.
12,2015-03-22,2015-03-28,12,16,Southampton F.C.
13,2015-03-29,2015-04-04,12,19,Southampton F.C.
14,2015-04-05,2015-04-11,12,19,Southampton F.C.
15,2015-04-12,2015-04-18,12,19,Southampton F.C.
16,2015-04-19,2015-04-25,12,27,Southampton F.C.
17,2015-04-26,2015-05-02,12,20,Southampton F.C.
18,2015-05-03,2015-05-09,12,18,Southampton F.C.
19,2015-05-10,2015-05-16,12,29,Southampton F.C.
20,2015-05-17,2015-05-23,12,21,Southampton F.C.
21,2015-05-24,2015-05-30,12,20,Southampton F.C.
22,2015-05-31,2015-06-06,12,14,Southampton F.C.
23,2015-06-07,2015-06-13,12,13,Southampton F.C.
24,2015-06-14,2015-06-20,12,16,Southampton F.C.
25,2015-06-21,2015-06-27,12,16,Southampton F.C.
26,2015-06-28,2015-07-04,12,17,Southampton F.C.
27,2015-07-05,2015-07-11,12,19,Southampton F.C.
28,2015-07-12,2015-07-18,12,24,Southampton F.C.
29,2015-07-19,2015-07-25,12,24,Southampton F.C.
30,2015-07-26,2015-08-01,12,27,Southampton F.C.
31,2015-08-02,2015-08-08,12,35,Southampton F.C.
32,2015-08-09,2015-08-15,12,48,Southampton F.C.
33,2015-08-16,2015-08-22,12,29,Southampton F.C.
34,2015-08-23,2015-08-29,12,29,Southampton F.C.
35,2015-08-30,2015-09-05,12,27,Southampton F.C.
36,2015-09-06,2015-09-12,12,18,Southampton F.C.
37,2015-09-13,2015-09-19,12,20,Southampton F.C.
38,2015-09-20,2015-09-26,12,83,Southampton F.C.
39,2015-09-27,2015-10-03,12,42,Southampton F.C.
40,2015-10-04,2015-10-10,12,29,Southampton F.C.
41,2015-10-11,2015-10-17,12,19,Southampton F.C.
42,2015-10-18,2015-10-24,12,17,Southampton F.C.
43,2015-10-25,2015-10-31,12,46,Southampton F.C.
44,2015-11-01,2015-11-07,12,27,Southampton F.C.
45,2015-11-08,2015-11-14,12,14,Southampton F.C.
46,2015-11-15,2015-11-21,12,15,Southampton F.C.
47,2015-11-22,2015-11-28,12,22,Southampton F.C.
48,2015-11-29,2015-12-05,12,71,Southampton F.C.
49,2015-12-06,2015-12-12,12,18,Southampton F.C.
50,2015-12-13,2015-12-19,12,19,Southampton F.C.
51,2015-12-20,2015-12-26,12,51,Southampton F.C.
1,2015-01-04,2015-01-10,13,21,Stoke City F.C.
2,2015-01-11,2015-01-17,13,46,Stoke City F.C.
3,2015-01-18,2015-01-24,13,12,Stoke City F.C.
4,2015-01-25,2015-01-31,13,23,Stoke City F.C.
5,2015-02-01,2015-02-07,13,14,Stoke City F.C.
6,2015-02-08,2015-02-14,13,33,Stoke City F.C.
7,2015-02-15,2015-02-21,13,15,Stoke City F.C.
8,2015-02-22,2015-02-28,13,14,Stoke City F.C.
9,2015-03-01,2015-03-07,13,17,Stoke City F.C.
10,2015-03-08,2015-03-14,13,13,Stoke City F.C.
11,2015-03-15,2015-03-21,13,13,Stoke City F.C.
12,2015-03-22,2015-03-28,13,10,Stoke City F.C.
13,2015-03-29,2015-04-04,13,39,Stoke City F.C.
14,2015-04-05,2015-04-11,13,34,Stoke City F.C.
15,2015-04-12,2015-04-18,13,14,Stoke City F.C.
16,2015-04-19,2015-04-25,13,12,Stoke City F.C.
17,2015-04-26,2015-05-02,13,13,Stoke City F.C.
18,2015-05-03,2015-05-09,13,16,Stoke City F.C.
19,2015-05-10,2015-05-16,13,15,Stoke City F.C.
20,2015-05-17,2015-05-23,13,12,Stoke City F.C.
21,2015-05-24,2015-05-30,13,40,Stoke City F.C.
22,2015-05-31,2015-06-06,13,10,Stoke City F.C.
23,2015-06-07,2015-06-13,13,8,Stoke City F.C.
24,2015-06-14,2015-06-20,13,11,Stoke City F.C.
25,2015-06-21,2015-06-27,13,10,Stoke City F.C.
26,2015-06-28,2015-07-04,13,15,Stoke City F.C.
27,2015-07-05,2015-07-11,13,13,Stoke City F.C.
28,2015-07-12,2015-07-18,13,22,Stoke City F.C.
29,2015-07-19,2015-07-25,13,16,Stoke City F.C.
30,2015-07-26,2015-08-01,13,19,Stoke City F.C.
31,2015-08-02,2015-08-08,13,30,Stoke City F.C.
32,2015-08-09,2015-08-15,13,100,Stoke City F.C.
33,2015-08-16,2015-08-22,13,26,Stoke City F.C.
34,2015-08-23,2015-08-29,13,22,Stoke City F.C.
35,2015-08-30,2015-09-05,13,14,Stoke City F.C.
36,2015-09-06,2015-09-12,13,34,Stoke City F.C.
37,2015-09-13,2015-09-19,13,24,Stoke City F.C.
38,2015-09-20,2015-09-26,13,19,Stoke City F.C.
39,2015-09-27,2015-10-03,13,15,Stoke City F.C.
40,2015-10-04,2015-10-10,13,11,Stoke City F.C.
41,2015-10-11,2015-10-17,13,10,Stoke City F.C.
42,2015-10-18,2015-10-24,13,29,Stoke City F.C.
43,2015-10-25,2015-10-31,13,55,Stoke City F.C.
44,2015-11-01,2015-11-07,13,46,Stoke City F.C.
45,2015-11-08,2015-11-14,13,23,Stoke City F.C.
46,2015-11-15,2015-11-21,13,14,Stoke City F.C.
47,2015-11-22,2015-11-28,13,15,Stoke City F.C.
48,2015-11-29,2015-12-05,13,47,Stoke City F.C.
49,2015-12-06,2015-12-12,13,24,Stoke City F.C.
50,2015-12-13,2015-12-19,13,19,Stoke City F.C.
51,2015-12-20,2015-12-26,13,73,Stoke City F.C.
1,2015-01-04,2015-01-10,14,24,Sunderland A.F.C.
2,2015-01-11,2015-01-17,14,19,Sunderland A.F.C.
3,2015-01-18,2015-01-24,14,11,Sunderland A.F.C.
4,2015-01-25,2015-01-31,14,75,Sunderland A.F.C.
5,2015-02-01,2015-02-07,14,100,Sunderland A.F.C.
6,2015-02-08,2015-02-14,14,35,Sunderland A.F.C.
7,2015-02-15,2015-02-21,14,28,Sunderland A.F.C.
8,2015-02-22,2015-02-28,14,29,Sunderland A.F.C.
9,2015-03-01,2015-03-07,14,26,Sunderland A.F.C.
10,2015-03-08,2015-03-14,14,18,Sunderland A.F.C.
11,2015-03-15,2015-03-21,14,23,Sunderland A.F.C.
12,2015-03-22,2015-03-28,14,11,Sunderland A.F.C.
13,2015-03-29,2015-04-04,14,12,Sunderland A.F.C.
14,2015-04-05,2015-04-11,14,28,Sunderland A.F.C.
15,2015-04-12,2015-04-18,14,12,Sunderland A.F.C.
16,2015-04-19,2015-04-25,14,12,Sunderland A.F.C.
17,2015-04-26,2015-05-02,14,15,Sunderland A.F.C.
18,2015-05-03,2015-05-09,14,19,Sunderland A.F.C.
19,2015-05-10,2015-05-16,14,16,Sunderland A.F.C.
20,2015-05-17,2015-05-23,14,31,Sunderland A.F.C.
21,2015-05-24,2015-05-30,14,20,Sunderland A.F.C.
22,2015-05-31,2015-06-06,14,9,Sunderland A.F.C.
23,2015-06-07,2015-06-13,14,7,Sunderland A.F.C.
24,2015-06-14,2015-06-20,14,8,Sunderland A.F.C.
25,2015-06-21,2015-06-27,14,8,Sunderland A.F.C.
26,2015-06-28,2015-07-04,14,9,Sunderland A.F.C.
27,2015-07-05,2015-07-11,14,9,Sunderland A.F.C.
28,2015-07-12,2015-07-18,14,12,Sunderland A.F.C.
29,2015-07-19,2015-07-25,14,11,Sunderland A.F.C.
30,2015-07-26,2015-08-01,14,11,Sunderland A.F.C.
31,2015-08-02,2015-08-08,14,16,Sunderland A.F.C.
32,2015-08-09,2015-08-15,14,16,Sunderland A.F.C.
33,2015-08-16,2015-08-22,14,15,Sunderland A.F.C.
34,2015-08-23,2015-08-29,14,15,Sunderland A.F.C.
35,2015-08-30,2015-09-05,14,11,Sunderland A.F.C.
36,2015-09-06,2015-09-12,14,8,Sunderland A.F.C.
37,2015-09-13,2015-09-19,14,17,Sunderland A.F.C.
38,2015-09-20,2015-09-26,14,38,Sunderland A.F.C.
39,2015-09-27,2015-10-03,14,18,Sunderland A.F.C.
40,2015-10-04,2015-10-10,14,16,Sunderland A.F.C.
41,2015-10-11,2015-10-17,14,12,Sunderland A.F.C.
42,2015-10-18,2015-10-24,14,12,Sunderland A.F.C.
43,2015-10-25,2015-10-31,14,21,Sunderland A.F.C.
44,2015-11-01,2015-11-07,14,17,Sunderland A.F.C.
45,2015-11-08,2015-11-14,14,7,Sunderland A.F.C.
46,2015-11-15,2015-11-21,14,7,Sunderland A.F.C.
47,2015-11-22,2015-11-28,14,18,Sunderland A.F.C.
48,2015-11-29,2015-12-05,14,18,Sunderland A.F.C.
49,2015-12-06,2015-12-12,14,13,Sunderland A.F.C.
50,2015-12-13,2015-12-19,14,20,Sunderland A.F.C.
51,2015-12-20,2015-12-26,14,18,Sunderland A.F.C.
1,2015-01-04,2015-01-10,15,20,Swansea City A.F.C.
2,2015-01-11,2015-01-17,15,47,Swansea City A.F.C.
3,2015-01-18,2015-01-24,15,31,Swansea City A.F.C.
4,2015-01-25,2015-01-31,15,13,Swansea City A.F.C.
5,2015-02-01,2015-02-07,15,32,Swansea City A.F.C.
6,2015-02-08,2015-02-14,15,15,Swansea City A.F.C.
7,2015-02-15,2015-02-21,15,45,Swansea City A.F.C.
8,2015-02-22,2015-02-28,15,22,Swansea City A.F.C.
9,2015-03-01,2015-03-07,15,24,Swansea City A.F.C.
10,2015-03-08,2015-03-14,15,10,Swansea City A.F.C.
11,2015-03-15,2015-03-21,15,66,Swansea City A.F.C.
12,2015-03-22,2015-03-28,15,9,Swansea City A.F.C.
13,2015-03-29,2015-04-04,15,12,Swansea City A.F.C.
14,2015-04-05,2015-04-11,15,20,Swansea City A.F.C.
15,2015-04-12,2015-04-18,15,14,Swansea City A.F.C.
16,2015-04-19,2015-04-25,15,14,Swansea City A.F.C.
17,2015-04-26,2015-05-02,15,15,Swansea City A.F.C.
18,2015-05-03,2015-05-09,15,11,Swansea City A.F.C.
19,2015-05-10,2015-05-16,15,59,Swansea City A.F.C.
20,2015-05-17,2015-05-23,15,29,Swansea City A.F.C.
21,2015-05-24,2015-05-30,15,11,Swansea City A.F.C.
22,2015-05-31,2015-06-06,15,8,Swansea City A.F.C.
23,2015-06-07,2015-06-13,15,10,Swansea City A.F.C.
24,2015-06-14,2015-06-20,15,10,Swansea City A.F.C.
25,2015-06-21,2015-06-27,15,9,Swansea City A.F.C.
26,2015-06-28,2015-07-04,15,9,Swansea City A.F.C.
27,2015-07-05,2015-07-11,15,9,Swansea City A.F.C.
28,2015-07-12,2015-07-18,15,13,Swansea City A.F.C.
29,2015-07-19,2015-07-25,15,12,Swansea City A.F.C.
30,2015-07-26,2015-08-01,15,13,Swansea City A.F.C.
31,2015-08-02,2015-08-08,15,72,Swansea City A.F.C.
32,2015-08-09,2015-08-15,15,50,Swansea City A.F.C.
33,2015-08-16,2015-08-22,15,26,Swansea City A.F.C.
34,2015-08-23,2015-08-29,15,27,Swansea City A.F.C.
35,2015-08-30,2015-09-05,15,100,Swansea City A.F.C.
36,2015-09-06,2015-09-12,15,19,Swansea City A.F.C.
37,2015-09-13,2015-09-19,15,22,Swansea City A.F.C.
38,2015-09-20,2015-09-26,15,20,Swansea City A.F.C.
39,2015-09-27,2015-10-03,15,14,Swansea City A.F.C.
40,2015-10-04,2015-10-10,15,25,Swansea City A.F.C.
41,2015-10-11,2015-10-17,15,8,Swansea City A.F.C.
42,2015-10-18,2015-10-24,15,36,Swansea City A.F.C.
43,2015-10-25,2015-10-31,15,39,Swansea City A.F.C.
44,2015-11-01,2015-11-07,15,24,Swansea City A.F.C.
45,2015-11-08,2015-11-14,15,10,Swansea City A.F.C.
46,2015-11-15,2015-11-21,15,11,Swansea City A.F.C.
47,2015-11-22,2015-11-28,15,15,Swansea City A.F.C.
48,2015-11-29,2015-12-05,15,69,Swansea City A.F.C.
49,2015-12-06,2015-12-12,15,36,Swansea City A.F.C.
50,2015-12-13,2015-12-19,15,20,Swansea City A.F.C.
51,2015-12-20,2015-12-26,15,33,Swansea City A.F.C.
1,2015-01-04,2015-01-10,16,41,Tottenham Hotspur F.C.
2,2015-01-11,2015-01-17,16,36,Tottenham Hotspur F.C.
3,2015-01-18,2015-01-24,16,34,Tottenham Hotspur F.C.
4,2015-01-25,2015-01-31,16,35,Tottenham Hotspur F.C.
5,2015-02-01,2015-02-07,16,55,Tottenham Hotspur F.C.
6,2015-02-08,2015-02-14,16,57,Tottenham Hotspur F.C.
7,2015-02-15,2015-02-21,16,34,Tottenham Hotspur F.C.
8,2015-02-22,2015-02-28,16,47,Tottenham Hotspur F.C.
9,2015-03-01,2015-03-07,16,69,Tottenham Hotspur F.C.
10,2015-03-08,2015-03-14,16,23,Tottenham Hotspur F.C.
11,2015-03-15,2015-03-21,16,45,Tottenham Hotspur F.C.
12,2015-03-22,2015-03-28,16,18,Tottenham Hotspur F.C.
13,2015-03-29,2015-04-04,16,16,Tottenham Hotspur F.C.
14,2015-04-05,2015-04-11,16,26,Tottenham Hotspur F.C.
15,2015-04-12,2015-04-18,16,16,Tottenham Hotspur F.C.
16,2015-04-19,2015-04-25,16,27,Tottenham Hotspur F.C.
17,2015-04-26,2015-05-02,16,20,Tottenham Hotspur F.C.
18,2015-05-03,2015-05-09,16,28,Tottenham Hotspur F.C.
19,2015-05-10,2015-05-16,16,21,Tottenham Hotspur F.C.
20,2015-05-17,2015-05-23,16,19,Tottenham Hotspur F.C.
21,2015-05-24,2015-05-30,16,30,Tottenham Hotspur F.C.
22,2015-05-31,2015-06-06,16,20,Tottenham Hotspur F.C.
23,2015-06-07,2015-06-13,16,16,Tottenham Hotspur F.C.
24,2015-06-14,2015-06-20,16,18,Tottenham Hotspur F.C.
25,2015-06-21,2015-06-27,16,18,Tottenham Hotspur F.C.
26,2015-06-28,2015-07-04,16,21,Tottenham Hotspur F.C.
27,2015-07-05,2015-07-11,16,27,Tottenham Hotspur F.C.
28,2015-07-12,2015-07-18,16,25,Tottenham Hotspur F.C.
29,2015-07-19,2015-07-25,16,25,Tottenham Hotspur F.C.
30,2015-07-26,2015-08-01,16,33,Tottenham Hotspur F.C.
31,2015-08-02,2015-08-08,16,100,Tottenham Hotspur F.C.
32,2015-08-09,2015-08-15,16,41,Tottenham Hotspur F.C.
33,2015-08-16,2015-08-22,16,32,Tottenham Hotspur F.C.
34,2015-08-23,2015-08-29,16,37,Tottenham Hotspur F.C.
35,2015-08-30,2015-09-05,16,27,Tottenham Hotspur F.C.
36,2015-09-06,2015-09-12,16,17,Tottenham Hotspur F.C.
37,2015-09-13,2015-09-19,16,32,Tottenham Hotspur F.C.
38,2015-09-20,2015-09-26,16,64,Tottenham Hotspur F.C.
39,2015-09-27,2015-10-03,16,29,Tottenham Hotspur F.C.
40,2015-10-04,2015-10-10,16,23,Tottenham Hotspur F.C.
41,2015-10-11,2015-10-17,16,37,Tottenham Hotspur F.C.
42,2015-10-18,2015-10-24,16,24,Tottenham Hotspur F.C.
43,2015-10-25,2015-10-31,16,24,Tottenham Hotspur F.C.
44,2015-11-01,2015-11-07,16,43,Tottenham Hotspur F.C.
45,2015-11-08,2015-11-14,16,42,Tottenham Hotspur F.C.
46,2015-11-15,2015-11-21,16,17,Tottenham Hotspur F.C.
47,2015-11-22,2015-11-28,16,41,Tottenham Hotspur F.C.
48,2015-11-29,2015-12-05,16,42,Tottenham Hotspur F.C.
49,2015-12-06,2015-12-12,16,27,Tottenham Hotspur F.C.
50,2015-12-13,2015-12-19,16,31,Tottenham Hotspur F.C.
51,2015-12-20,2015-12-26,16,26,Tottenham Hotspur F.C.
1,2015-01-04,2015-01-10,17,53,Manchester United F.C.
2,2015-01-11,2015-01-17,17,58,Manchester United F.C.
3,2015-01-18,2015-01-24,17,47,Manchester United F.C.
4,2015-01-25,2015-01-31,17,46,Manchester United F.C.
5,2015-02-01,2015-02-07,17,51,Manchester United F.C.
6,2015-02-08,2015-02-14,17,45,Manchester United F.C.
7,2015-02-15,2015-02-21,17,43,Manchester United F.C.
8,2015-02-22,2015-02-28,17,32,Manchester United F.C.
9,2015-03-01,2015-03-07,17,37,Manchester United F.C.
10,2015-03-08,2015-03-14,17,44,Manchester United F.C.
11,2015-03-15,2015-03-21,17,43,Manchester United F.C.
12,2015-03-22,2015-03-28,17,57,Manchester United F.C.
13,2015-03-29,2015-04-04,17,36,Manchester United F.C.
14,2015-04-05,2015-04-11,17,39,Manchester United F.C.
15,2015-04-12,2015-04-18,17,84,Manchester United F.C.
16,2015-04-19,2015-04-25,17,39,Manchester United F.C.
17,2015-04-26,2015-05-02,17,48,Manchester United F.C.
18,2015-05-03,2015-05-09,17,41,Manchester United F.C.
19,2015-05-10,2015-05-16,17,42,Manchester United F.C.
20,2015-05-17,2015-05-23,17,52,Manchester United F.C.
21,2015-05-24,2015-05-30,17,44,Manchester United F.C.
22,2015-05-31,2015-06-06,17,45,Manchester United F.C.
23,2015-06-07,2015-06-13,17,44,Manchester United F.C.
24,2015-06-14,2015-06-20,17,46,Manchester United F.C.
25,2015-06-21,2015-06-27,17,49,Manchester United F.C.
26,2015-06-28,2015-07-04,17,56,Manchester United F.C.
27,2015-07-05,2015-07-11,17,65,Manchester United F.C.
28,2015-07-12,2015-07-18,17,100,Manchester United F.C.
29,2015-07-19,2015-07-25,17,93,Manchester United F.C.
30,2015-07-26,2015-08-01,17,95,Manchester United F.C.
31,2015-08-02,2015-08-08,17,96,Manchester United F.C.
32,2015-08-09,2015-08-15,17,83,Manchester United F.C.
33,2015-08-16,2015-08-22,17,96,Manchester United F.C.
34,2015-08-23,2015-08-29,17,82,Manchester United F.C.
35,2015-08-30,2015-09-05,17,80,Manchester United F.C.
36,2015-09-06,2015-09-12,17,60,Manchester United F.C.
37,2015-09-13,2015-09-19,17,60,Manchester United F.C.
38,2015-09-20,2015-09-26,17,68,Manchester United F.C.
39,2015-09-27,2015-10-03,17,53,Manchester United F.C.
40,2015-10-04,2015-10-10,17,46,Manchester United F.C.
41,2015-10-11,2015-10-17,17,35,Manchester United F.C.
42,2015-10-18,2015-10-24,17,46,Manchester United F.C.
43,2015-10-25,2015-10-31,17,62,Manchester United F.C.
44,2015-11-01,2015-11-07,17,43,Manchester United F.C.
45,2015-11-08,2015-11-14,17,29,Manchester United F.C.
46,2015-11-15,2015-11-21,17,33,Manchester United F.C.
47,2015-11-22,2015-11-28,17,48,Manchester United F.C.
48,2015-11-29,2015-12-05,17,36,Manchester United F.C.
49,2015-12-06,2015-12-12,17,47,Manchester United F.C.
50,2015-12-13,2015-12-19,17,40,Manchester United F.C.
51,2015-12-20,2015-12-26,17,56,Manchester United F.C.
1,2015-01-04,2015-01-10,18,50,Watford F.C.
2,2015-01-11,2015-01-17,18,11,Watford F.C.
3,2015-01-18,2015-01-24,18,13,Watford F.C.
4,2015-01-25,2015-01-31,18,14,Watford F.C.
5,2015-02-01,2015-02-07,18,8,Watford F.C.
6,2015-02-08,2015-02-14,18,11,Watford F.C.
7,2015-02-15,2015-02-21,18,10,Watford F.C.
8,2015-02-22,2015-02-28,18,11,Watford F.C.
9,2015-03-01,2015-03-07,18,14,Watford F.C.
10,2015-03-08,2015-03-14,18,14,Watford F.C.
11,2015-03-15,2015-03-21,18,16,Watford F.C.
12,2015-03-22,2015-03-28,18,8,Watford F.C.
13,2015-03-29,2015-04-04,18,15,Watford F.C.
14,2015-04-05,2015-04-11,18,18,Watford F.C.
15,2015-04-12,2015-04-18,18,20,Watford F.C.
16,2015-04-19,2015-04-25,18,24,Watford F.C.
17,2015-04-26,2015-05-02,18,31,Watford F.C.
18,2015-05-03,2015-05-09,18,15,Watford F.C.
19,2015-05-10,2015-05-16,18,9,Watford F.C.
20,2015-05-17,2015-05-23,18,10,Watford F.C.
21,2015-05-24,2015-05-30,18,13,Watford F.C.
22,2015-05-31,2015-06-06,18,12,Watford F.C.
23,2015-06-07,2015-06-13,18,8,Watford F.C.
24,2015-06-14,2015-06-20,18,13,Watford F.C.
25,2015-06-21,2015-06-27,18,11,Watford F.C.
26,2015-06-28,2015-07-04,18,13,Watford F.C.
27,2015-07-05,2015-07-11,18,16,Watford F.C.
28,2015-07-12,2015-07-18,18,16,Watford F.C.
29,2015-07-19,2015-07-25,18,18,Watford F.C.
30,2015-07-26,2015-08-01,18,21,Watford F.C.
31,2015-08-02,2015-08-08,18,38,Watford F.C.
32,2015-08-09,2015-08-15,18,28,Watford F.C.
33,2015-08-16,2015-08-22,18,21,Watford F.C.
34,2015-08-23,2015-08-29,18,39,Watford F.C.
35,2015-08-30,2015-09-05,18,20,Watford F.C.
36,2015-09-06,2015-09-12,18,17,Watford F.C.
37,2015-09-13,2015-09-19,18,21,Watford F.C.
38,2015-09-20,2015-09-26,18,17,Watford F.C.
39,2015-09-27,2015-10-03,18,28,Watford F.C.
40,2015-10-04,2015-10-10,18,12,Watford F.C.
41,2015-10-11,2015-10-17,18,42,Watford F.C.
42,2015-10-18,2015-10-24,18,24,Watford F.C.
43,2015-10-25,2015-10-31,18,20,Watford F.C.
44,2015-11-01,2015-11-07,18,21,Watford F.C.
45,2015-11-08,2015-11-14,18,13,Watford F.C.
46,2015-11-15,2015-11-21,18,56,Watford F.C.
47,2015-11-22,2015-11-28,18,27,Watford F.C.
48,2015-11-29,2015-12-05,18,18,Watford F.C.
49,2015-12-06,2015-12-12,18,20,Watford F.C.
50,2015-12-13,2015-12-19,18,19,Watford F.C.
51,2015-12-20,2015-12-26,18,100,Watford F.C.
1,2015-01-04,2015-01-10,19,27,West Bromwich Albion F.C.
2,2015-01-11,2015-01-17,19,21,West Bromwich Albion F.C.
3,2015-01-18,2015-01-24,19,41,West Bromwich Albion F.C.
4,2015-01-25,2015-01-31,19,28,West Bromwich Albion F.C.
5,2015-02-01,2015-02-07,19,26,West Bromwich Albion F.C.
6,2015-02-08,2015-02-14,19,41,West Bromwich Albion F.C.
7,2015-02-15,2015-02-21,19,25,West Bromwich Albion F.C.
8,2015-02-22,2015-02-28,19,22,West Bromwich Albion F.C.
9,2015-03-01,2015-03-07,19,46,West Bromwich Albion F.C.
10,2015-03-08,2015-03-14,19,27,West Bromwich Albion F.C.
11,2015-03-15,2015-03-21,19,30,West Bromwich Albion F.C.
12,2015-03-22,2015-03-28,19,16,West Bromwich Albion F.C.
13,2015-03-29,2015-04-04,19,19,West Bromwich Albion F.C.
14,2015-04-05,2015-04-11,19,25,West Bromwich Albion F.C.
15,2015-04-12,2015-04-18,19,23,West Bromwich Albion F.C.
16,2015-04-19,2015-04-25,19,31,West Bromwich Albion F.C.
17,2015-04-26,2015-05-02,19,53,West Bromwich Albion F.C.
18,2015-05-03,2015-05-09,19,32,West Bromwich Albion F.C.
19,2015-05-10,2015-05-16,19,17,West Bromwich Albion F.C.
20,2015-05-17,2015-05-23,19,62,West Bromwich Albion F.C.
21,2015-05-24,2015-05-30,19,41,West Bromwich Albion F.C.
22,2015-05-31,2015-06-06,19,15,West Bromwich Albion F.C.
23,2015-06-07,2015-06-13,19,15,West Bromwich Albion F.C.
24,2015-06-14,2015-06-20,19,16,West Bromwich Albion F.C.
25,2015-06-21,2015-06-27,19,15,West Bromwich Albion F.C.
26,2015-06-28,2015-07-04,19,18,West Bromwich Albion F.C.
27,2015-07-05,2015-07-11,19,19,West Bromwich Albion F.C.
28,2015-07-12,2015-07-18,19,21,West Bromwich Albion F.C.
29,2015-07-19,2015-07-25,19,22,West Bromwich Albion F.C.
30,2015-07-26,2015-08-01,19,27,West Bromwich Albion F.C.
31,2015-08-02,2015-08-08,19,30,West Bromwich Albion F.C.
32,2015-08-09,2015-08-15,19,83,West Bromwich Albion F.C.
33,2015-08-16,2015-08-22,19,30,West Bromwich Albion F.C.
34,2015-08-23,2015-08-29,19,100,West Bromwich Albion F.C.
35,2015-08-30,2015-09-05,19,27,West Bromwich Albion F.C.
36,2015-09-06,2015-09-12,19,21,West Bromwich Albion F.C.
37,2015-09-13,2015-09-19,19,23,West Bromwich Albion F.C.
38,2015-09-20,2015-09-26,19,21,West Bromwich Albion F.C.
39,2015-09-27,2015-10-03,19,46,West Bromwich Albion F.C.
40,2015-10-04,2015-10-10,19,14,West Bromwich Albion F.C.
41,2015-10-11,2015-10-17,19,17,West Bromwich Albion F.C.
42,2015-10-18,2015-10-24,19,18,West Bromwich Albion F.C.
43,2015-10-25,2015-10-31,19,24,West Bromwich Albion F.C.
44,2015-11-01,2015-11-07,19,49,West Bromwich Albion F.C.
45,2015-11-08,2015-11-14,19,23,West Bromwich Albion F.C.
46,2015-11-15,2015-11-21,19,37,West Bromwich Albion F.C.
47,2015-11-22,2015-11-28,19,21,West Bromwich Albion F.C.
48,2015-11-29,2015-12-05,19,30,West Bromwich Albion F.C.
49,2015-12-06,2015-12-12,19,19,West Bromwich Albion F.C.
50,2015-12-13,2015-12-19,19,57,West Bromwich Albion F.C.
51,2015-12-20,2015-12-26,19,22,West Bromwich Albion F.C.
1,2015-01-04,2015-01-10,20,38,West Ham United F.C.
2,2015-01-11,2015-01-17,20,47,West Ham United F.C.
3,2015-01-18,2015-01-24,20,34,West Ham United F.C.
4,2015-01-25,2015-01-31,20,45,West Ham United F.C.
5,2015-02-01,2015-02-07,20,34,West Ham United F.C.
6,2015-02-08,2015-02-14,20,71,West Ham United F.C.
7,2015-02-15,2015-02-21,20,23,West Ham United F.C.
8,2015-02-22,2015-02-28,20,44,West Ham United F.C.
9,2015-03-01,2015-03-07,20,38,West Ham United F.C.
10,2015-03-08,2015-03-14,20,35,West Ham United F.C.
11,2015-03-15,2015-03-21,20,28,West Ham United F.C.
12,2015-03-22,2015-03-28,20,16,West Ham United F.C.
13,2015-03-29,2015-04-04,20,18,West Ham United F.C.
14,2015-04-05,2015-04-11,20,19,West Ham United F.C.
15,2015-04-12,2015-04-18,20,16,West Ham United F.C.
16,2015-04-19,2015-04-25,20,29,West Ham United F.C.
17,2015-04-26,2015-05-02,20,21,West Ham United F.C.
18,2015-05-03,2015-05-09,20,20,West Ham United F.C.
19,2015-05-10,2015-05-16,20,20,West Ham United F.C.
20,2015-05-17,2015-05-23,20,20,West Ham United F.C.
21,2015-05-24,2015-05-30,20,31,West Ham United F.C.
22,2015-05-31,2015-06-06,20,19,West Ham United F.C.
23,2015-06-07,2015-06-13,20,26,West Ham United F.C.
24,2015-06-14,2015-06-20,20,25,West Ham United F.C.
25,2015-06-21,2015-06-27,20,29,West Ham United F.C.
26,2015-06-28,2015-07-04,20,39,West Ham United F.C.
27,2015-07-05,2015-07-11,20,31,West Ham United F.C.
28,2015-07-12,2015-07-18,20,35,West Ham United F.C.
29,2015-07-19,2015-07-25,20,38,West Ham United F.C.
30,2015-07-26,2015-08-01,20,39,West Ham United F.C.
31,2015-08-02,2015-08-08,20,47,West Ham United F.C.
32,2015-08-09,2015-08-15,20,100,West Ham United F.C.
33,2015-08-16,2015-08-22,20,37,West Ham United F.C.
34,2015-08-23,2015-08-29,20,53,West Ham United F.C.
35,2015-08-30,2015-09-05,20,37,West Ham United F.C.
36,2015-09-06,2015-09-12,20,20,West Ham United F.C.
37,2015-09-13,2015-09-19,20,64,West Ham United F.C.
38,2015-09-20,2015-09-26,20,48,West Ham United F.C.
39,2015-09-27,2015-10-03,20,25,West Ham United F.C.
40,2015-10-04,2015-10-10,20,19,West Ham United F.C.
41,2015-10-11,2015-10-17,20,22,West Ham United F.C.
42,2015-10-18,2015-10-24,20,52,West Ham United F.C.
43,2015-10-25,2015-10-31,20,40,West Ham United F.C.
44,2015-11-01,2015-11-07,20,29,West Ham United F.C.
45,2015-11-08,2015-11-14,20,20,West Ham United F.C.
46,2015-11-15,2015-11-21,20,19,West Ham United F.C.
47,2015-11-22,2015-11-28,20,39,West Ham United F.C.
48,2015-11-29,2015-12-05,20,48,West Ham United F.C.
49,2015-12-06,2015-12-12,20,31,West Ham United F.C.
50,2015-12-13,2015-12-19,20,22,West Ham United F.C.
51,2015-12-20,2015-12-26,20,35,West Ham United F.C.
